,total_cost,cost_overprovisioning_infocom,cost_slas_infocom_17,cost_instantiation_infocom17,cost_reconfiguration
Paris_phi_0.1_alpha_2_delay_1,2.502216677003259,0.08298978411793533,2.188902365122375,0.20977383013857895,0.020550697624369604
Paris_phi_0.5_alpha_2_delay_1,2.5844194675007377,0.08298978411793533,2.188902365122375,0.20977383013857895,0.10275348812184801
Paris_phi_1_alpha_2_delay_1,2.6871729556225854,0.08298978411793533,2.188902365122375,0.20977383013857895,0.20550697624369602
Paris_phi_10_alpha_2_delay_1,4.53673574181585,0.08298978411793533,2.188902365122375,0.20977383013857895,2.0550697624369603
