,PHI_0.1,PHI_0.5,PHI_1,PHI_10
Elapsed Time,11.883005857467651,17.29769515991211,0.0008652210235595703,0.0007545948028564453
Estimated FLOPs,18750000.0,18750000.0,18750000.0,18750000.0
Estimated FLOPs per second,1577883.5948496074,1083959.4423801412,21670763295.67374,24847772511.848343
